Argentina	Buenos Aires Innovation Park	Ciudad Autónoma de Buenos Aires, Argentina		-34.64055925925927,-58.40720740740744	1	https://www.iasp.ws/our-members/directory/@469444	469444	Other Institution or Governmental Bodies	
Argentina	Esteban Pablo Cassin	Ciudad Autónoma de Buenos Aires, Argentina		-34.617425925925936,-58.41409629629629	1	https://www.iasp.ws/our-members/directory/@469553	469553	Person	
Argentina	Parque Tecnológico del Litoral Centro	Santa Fe, Argentina	http://www.ptlc.org.ar	-31.640028,-60.666731	1	https://www.iasp.ws/our-members/directory/@464901	464901	Science Park	Advanced Services in Technology Transfer,Biotechnology,Electronics,Materials,Micromachines and Nanotechnology
Austria	Lakeside Science & Technology Park	Klagenfurt, Austria	http://www.lakeside-scitec.com/en/	46.6150313,14.261887000000002	1	https://www.iasp.ws/our-members/directory/@6208	6208	Science Park	ICT & Communications
Austria	Techno-Z Network Company - The Salzburg Enterprise Network	Salzburg, Austria	http://www.techno-z.at	47,822684,13,039218	1	https://www.iasp.ws/our-members/directory/@6245	6245	Science Park	
Belarus	Minsk City Technopark	Minsk, Belarus	http://mgtp.by/	53.89249216049452,27.553011253236832	1	https://www.iasp.ws/our-members/directory/@232101	232101	Science Park	Advanced Services in Technology Transfer,Biomechanics,Electrical Power Science and Technology,Mechanical Engineering,Nanomaterials
Belgium	CREALYS® - Science Park of the Province of Namur	Gembloux, Belgium	http://www.spow.be/en/park/crealys-science-park/	50,5055274963379,4,71771097183228	1	https://www.iasp.ws/our-members/directory/@6046	6046	Science Park	Biotechnology,ICT & Communications
Belgium	Louvain-la-Neuve Science Park (UCL)	Ottignies, Belgium	http://www.uclouvain.be/parc	50,6695823669434,4,61999273300171	1	https://www.iasp.ws/our-members/directory/@6021	6021	Science Park	Biotechnology,Chemistry and Chemicals,Computer Science and Hardwares,Electronics,Health & Pharmaceuticals,ICT & Communications
Belgium	SPoW - Science Parks of Wallonia	Gembloux, Belgium	http://www.spow.be	50,5055274963379,4,71771097183228	1	https://www.iasp.ws/our-members/directory/@6043	6043	Association	
Botswana	Botswana Innovation Hub	Gaborone, Botswana	http://www.bih.co.bw	-24,654109954834,25,9087390899658	1	https://www.iasp.ws/our-members/directory/@6312	6312	Science Park	Atmospheric and Earth Sciences,Biotechnology,Energy,Environment,ICT & Communications
Brazil	ÁGORA TECH PARK	Joinville, Brazil	https://www.agoratechpark.com.br/	-26.3175361,-49.1993119	1	https://www.iasp.ws/our-members/directory/@472967	472967	Science Park	
Brazil	ANPROTEC - Brazilian Association of Science Parks and Business Incubators	Brasilia, Brazil	http://www.anprotec.org.br	-15.744685185185169,-47.91788888888891	1	https://www.iasp.ws/our-members/directory/@6192	6192	Association	
Brazil	Feevale Techpark	Campo Bom, Brazil	http://www.feevaletechpark.com.br	-29,6880474090576,-51,1333389282227	1	https://www.iasp.ws/our-members/directory/@343301	343301	Science Park	Biotechnology,Energy,Health & Pharmaceuticals,ICT & Communications,Materials
Brazil	Parque Tecnológico - São José dos Campos	São José Dos Campos, Brazil	http://www.pqtec.org.br	-23,1790771484375,-45,8872528076172	1	https://www.iasp.ws/our-members/directory/@6258	6258	Science Park	Cultural Industry and Humanities,Energy,Environment,Human Resources,Land Transportation,Materials,Off-Land Transportation
Brazil	Parque Tecnológico do Rio/UFRJ	Rio de Janeiro, Brazil	http://www.parque.ufrj.br/	-22,8609561920166,-43,6014938354492	1	https://www.iasp.ws/our-members/directory/@6054	6054	Science Park	Employee Education and Training,Energy,Environment,ICT & Communications,Software Engineering
Brazil	Porto Digital Technology Park	Recife, Brazil	http://www.portodigital.org	-8.0606149,-34.872764700000005	1	https://www.iasp.ws/our-members/directory/@6336	6336	Science Park	Audiovisual,Cloud Computing,Computer Science and Hardwares,ICT & Communications,Software Engineering
Brazil	PUCPR Tecnoparque - Pontífica Universidade Católica do Paraná	Curitiba-PR, Brazil	http://www.agenciapuc.pucpr.br	-25,4505596160889,-49,2508926391602	1	https://www.iasp.ws/our-members/directory/@6243	6243	Science Park	
Brazil	REGINP - Rede Gaúcha de Ambientes de Inovação	Barrio Sao José, Canoas, RS, Brazil	http://www.reginp.com.br	-29,8888988494873,-51,1663780212402	1	https://www.iasp.ws/our-members/directory/@323301	323301	Association	
Brazil	TECNOPUC - Parque Científico e Tecnológico da PUCRS	Porto Alegre, Brazil	http://www.pucrs.br/tecnopuc/	-30,0277061462402,-51,2287330627441	1	https://www.iasp.ws/our-members/directory/@6057	6057	Science Park	Audiovisual,Biotechnology,Energy,ICT & Communications,Services for Business and Industry
Brazil	TECNOSINOS - Parque Tecnológico de São Leopoldo	São Leopoldo, Brazil	http://www.tecnosinos.com.br	-29,7602806091309,-51,1472206115723	1	https://www.iasp.ws/our-members/directory/@342701	342701	Science Park	Health & Pharmaceuticals,ICT & Communications,Manufacturing and Automation Technologies,Software Engineering
Brazil	Tecnovates	Lajeado, Brazil	https://www.univates.br/tecnovates/english	-29,449068069458,-51,9438705444336	1	https://www.iasp.ws/our-members/directory/@412001	412001	Science Park	Biotechnology,Energy,Environment,Food Sciences,Materials
Brazil	Universidade Federal do Rio Grande do Sul	Porto Alegre, Brazil	http://www.ufrgs.br/zenit	-30,0597528,-51,175231	1	https://www.iasp.ws/our-members/directory/@6325	6325	University / Higher Education Institution	Biotechnology,Chemistry and Chemicals,Health & Pharmaceuticals,ICT & Communications,Materials,Micromachines and Nanotechnology
Bulgaria	DZZD "Consortium Innovative Capital"	Sofija, Bulgaria	http://www.en.tto-sofia.com	42,6932593742793,23,3317852020264	1	https://www.iasp.ws/our-members/directory/@145101	145101	Other	
Bulgaria	Sofia Tech Park	Sofia, Bulgaria	http://sofiatech.bg/en/	42.6575692,23.3815319	1	https://www.iasp.ws/our-members/directory/@149701	149701	Science Park	ICT & Communications
Bulgaria	Sofia University	Sofia, Bulgaria	http://www.uni-sofia.bg	42,6935386657715,23,3350448608398	1	https://www.iasp.ws/our-members/directory/@19072	19072	University / Higher Education Institution	
Canada	Bromont Science Park	Bromont, Canada	http://parcscientifiquebromont.com/en/	45,318962097168,-72,6468887329102	1	https://www.iasp.ws/our-members/directory/@323701	323701	Science Park	Electronics,Manufacturing and Automation Technologies,Materials,Micromachines and Nanotechnology,Semiconductor Science and Technology
Canada	Innovation Place Research Park	Regina, Canada	http://www.innovationplace.com	52,1406555175781,-106,625625610352	1	https://www.iasp.ws/our-members/directory/@6059	6059	Science Park	Agriculture and Forestry,Energy,Environment,Health & Pharmaceuticals,ICT & Communications
Canada	Parc Micro Sciences de Trois Rivières	Québec, Canada	http://www.idetr.com	46,3523292541504,-72,5379333496094	1	https://www.iasp.ws/our-members/directory/@317301	317301	Science Park	Biotechnology,Environment,Micromachines and Nanotechnology,Software Engineering
Canada	Quebec International	Québec, Canada	http://www.quebecinternational.ca	46.765766666666664,-71.29505925925923	1	https://www.iasp.ws/our-members/directory/@6062	6062	Science Park	Biotechnology,ICT & Communications,Optics
Canada	Sherbrooke Innopole	Sherbrooke, Canada	http://www.sherbrooke-innopole.com	45,448055267334,-71,8697967529297	1	https://www.iasp.ws/our-members/directory/@6252	6252	Science Park	Energy,Environment,Land Transportation,Mechanics, Subassemblies, Components,Micromachines and Nanotechnology
Canada	Technoparc Montréal	Montréal, Canada	http://www.technoparc.com	45.480196296296285,-73.76150370370368	1	https://www.iasp.ws/our-members/directory/@6063	6063	Science Park	Biotechnology,Chemistry and Chemicals,Computer Science and Hardwares,Energy,ICT & Communications,Off-Land Transportation
Canada	Technopole Saint-Hyacinthe-Science Park St-Hyacinthe	Saint-Hyacinthe, Canada	http://www.st-hyacinthetechnopole.qc.ca	45,6248054504395,-72,9477081298828	1	https://www.iasp.ws/our-members/directory/@6064	6064	Science Park	Agriculture and Forestry
China	Beijing NC Science and Technology Incubator	Beijing, China	http://www.theiuia.org	39.9854027,116.3139927	1	https://www.iasp.ws/our-members/directory/@344801	344801		Biotechnology,Environment,New Materials,Renewable Energies
China	Beijing Zhongguancun Software Park Development Co., Ltd	Beijing, China	http://www.zpark.com.cn	40,0364514,116,2870762	1	https://www.iasp.ws/our-members/directory/@6104	6104	Science Park	Services for Business and Industry,Software Engineering
China	Caohejing Hi-Tech Park	Shanghai, China	http://www.caohejing.com	31,1714878082275,121,401702880859	1	https://www.iasp.ws/our-members/directory/@5966	5966	Science Park	Biotechnology,Electronics,Materials,Optics,Software Engineering
China	Changping Science Park of Zhongguancun Science Park	Beijing, China	http://www.zgc-cp.gov.cn/	40,2168350219727,116,235618591309	1	https://www.iasp.ws/our-members/directory/@60901	60901	Science Park	Biotechnology,Energy
China	Chongqing TusPark Management	Chongqing, China	http://www.tuspark.com	29.51018888888889,106.45049629629625	1	https://www.iasp.ws/our-members/directory/@469385	469385	Science Park	Electronics,Renewable Energies
China	Guizhou China-Australia Property Development Company Ltd. (China West Technology Park)	Guiyang, China	http://www.cwtechpark.com	26,6225998,106,6444313	1	https://www.iasp.ws/our-members/directory/@6103	6103	Science Park	Computer Science and Hardwares,ICT & Communications,Software Engineering
China	Hong Kong Science and Technology Parks	Hong Kong, China	http://www.hkstp.org	22,4246476,114,2129333	1	https://www.iasp.ws/our-members/directory/@6107	6107	Science Park	Biotechnology,Computer Science and Hardwares,Electronics,Employee Education and Training,ICT & Communications
China	Leaguer Science Park	Foshan, China	http://www.tsinghua-fs.com	23,0878486633301,112,970848083496	1	https://www.iasp.ws/our-members/directory/@293001	293001	Science Park	Education,ICT & Communications,New Materials,Other Energy Science and Technology
China	Liuzhou High Technology Industrial Development Zone	Liuzhou City, China	http://www.lzgxq.com	24.34192962962961,109.44067407407408	1	https://www.iasp.ws/our-members/directory/@469301	469301	Science Park	
China	Luoyang National University Science Park	Luoyang, China	http://www.lyusp.com	34,6537017822266,112,392318725586	1	https://www.iasp.ws/our-members/directory/@108701	108701	Science Park	Computer Science and Hardwares,Manufacturing and Automation Technologies
China	Nicholas Brooke	Central, China		22,2833003997803,114,150001525879	1	https://www.iasp.ws/our-members/directory/@305701	305701	Person	
China	Qingyuan Tian An Smart City	Qingyuan City, China	http://www.ta-zg.com	23,6595001220703,113,056243896484	1	https://www.iasp.ws/our-members/directory/@417101	417101	Science Park	New Materials,Other Manufacturing and Automation Tech
China	Shanghai Development Park Association	Shanghai, China	http://www.sidp.org.cn	31,1714873,121,4017002	1	https://www.iasp.ws/our-members/directory/@6169	6169	Association	
China	Shanghai Information Service Park Association	Shanghai, China		31.222966666666657,121.39377037037036	1	https://www.iasp.ws/our-members/directory/@469502	469502	Association	
China	Shanghai Zizhu Science-based Industrial Park	Shanghai, China	http://www.zizhupark.com	31,0238454,121,4516849	1	https://www.iasp.ws/our-members/directory/@6109	6109	Science Park	Audiovisual,Biotechnology,Materials,Off-Land Transportation,Software Engineering
China	South China New Materials Innovation Park	Guangzhou, China	http://www.huaxinpark.com	23.1484088,113.4439191	1	https://www.iasp.ws/our-members/directory/@470790	470790	Science Park	Biotechnology,Electronics,Materials
China	Tianan Cyber Park	Shenzhen, China	http://www.tianan-cyber.com	22,5735721588135,114,083984375	1	https://www.iasp.ws/our-members/directory/@363601	363601	Science Park	Electronics,Renewable Energies
China	Tianjin International Science and Technology Association	Tianjin, China		39,1070556640625,117,193428039551	1	https://www.iasp.ws/our-members/directory/@379101	379101	Association	
China	Tsinghua University Science Park - TusPark	Beijing, China	http://en.tusholdings.com/	40,0006904602051,116,32884979248	1	https://www.iasp.ws/our-members/directory/@6112	6112	Science Park	Biotechnology,Energy,Environment,ICT & Communications,Software Engineering
China	TusPark (Jiangsu) Innovation Research Institute	Nanjing, China		31.953700000000005,118.83968148148153	1	https://www.iasp.ws/our-members/directory/@469392	469392	Science Park	Environment,Health & Pharmaceuticals,Other Electricity / Electrical Science and Technology,Other Energy Science and Technology
China	TusTown	Guian New Area, China		29.306366666666655,108.15594814814813	1	https://www.iasp.ws/our-members/directory/@469465	469465	Science Park	Environment,ICT & Communications
China	Vanke Industry Urban Development (Midwest) Parks - Phase I	Chengdu, China	http://www.vanke.com/	30.6080999,103.9919319	1	https://www.iasp.ws/our-members/directory/@470781	470781	Science Park	Cultural Industry and Humanities,ICT & Communications,Other Environmental Science and Technology
China	World Intelligent Incubation Network	Beijing, China	http://www.wiin-wiin.com	39.9075,116.39723	1	https://www.iasp.ws/our-members/directory/@470791	470791	Association	
China	Wu Jisong	Beijing, China		0,0	1	https://www.iasp.ws/our-members/directory/@15906	15906	Other	
China	Yidao Xinan (Beijing) Science and Technology Association	Beijing, China	http://www.ydxan.com	40.0420811,116.3093703	1	https://www.iasp.ws/our-members/directory/@472947	472947	Association	
China	Zhengzhou Hangmei International Smart Town	Beijing, China	http://www.xctech2016.com	39.9246353,116.394516	1	https://www.iasp.ws/our-members/directory/@470778	470778	Science Park	Artificial Intelligence Softwares,Computer Science and Hardwares
China	Zhengzhou National High & New Technology Industries Development Zone	Zhengzhou, China	http://www.zzgx.gov.cn/	34.8116267,113.5481503	1	https://www.iasp.ws/our-members/directory/@470760	470760	Science Park	ICT & Communications,Sensors and Instrumentation
China	Zhongguancun Fengtai Science Park	Beijing, China	http://www.zgc-ft.gov.cn	39,8342399597168,116,313209533691	1	https://www.iasp.ws/our-members/directory/@6065	6065	Science Park	Employee Education and Training,Energy,Manufacturing and Automation Technologies,Materials,Services for Business and Industry
China	Zhongguancun Haidian Science Park	Beijing, China	http://www.zhsp.gov.cn	39,9490852355957,116,301559448242	1	https://www.iasp.ws/our-members/directory/@6308	6308	Science Park	Computer Science and Hardwares,Energy,ICT & Communications,Manufacturing and Automation Technologies,Optics
China	Zhongguancun Science Park (Z-Park)	Beijing, China	http://www.zgc.gov.cn	39,9234466552734,116,294609069824	1	https://www.iasp.ws/our-members/directory/@6113	6113	Science Park	Biotechnology,Electronics,Energy,Materials
Chinese Taipei	Central Taiwan Science Park Bureau, Ministry of Science and Technology	Taichung City, Chinese Taipei	http://www.ctsp.gov.tw/english/01about/abo_future_prospects.aspx?v=20&fr=768&no=769	24,18078,120,62548	1	https://www.iasp.ws/our-members/directory/@6195	6195	Science Park	Biotechnology,ICT & Communications,Mechanics, Subassemblies, Components,Optics,Precision Engineering
Chinese Taipei	Hsinchu Science Park	Hsinchu, Chinese Taipei	http://www.sipa.gov.tw	24,779448,121,012881	1	https://www.iasp.ws/our-members/directory/@5951	5951	Science Park	Biotechnology,Computer Science and Hardwares,Electronics,ICT & Communications,Materials,Optics
Chinese Taipei	Southern Taiwan Science Park Bureau, Ministry of Science and Technology	Tainan City, Chinese Taipei	http://www.stsipa.gov.tw	23,1013431549072,120,282241821289	1	https://www.iasp.ws/our-members/directory/@5931	5931	Science Park	Biotechnology,Energy,ICT & Communications
Colombia	Corporación Universitaria Minuto de Dios - UNIMINUTO	Bogotá, Colombia	http://www.uniminuto.edu/	4,71712970733643,-74,1154479980469	1	https://www.iasp.ws/our-members/directory/@62401	62401	University / Higher Education Institution	
Colombia	Medellin Innovation District	Medellin, Colombia	http://www.rutanmedellin.org	6,26372957229614,-75,5612640380859	1	https://www.iasp.ws/our-members/directory/@241901	241901	Area of Innovation	Audiovisual,Energy,Health & Pharmaceuticals,ICT & Communications,Software Engineering
Croatia	Technology Park Varazdin Ltd	Varazdin, Croatia	http://www.tp-vz.hr	46,29874,16,34034	1	https://www.iasp.ws/our-members/directory/@6012	6012		ICT & Communications
Cuba	Parque Científico Tecnológico de la Universidad de las Ciencias Informáticas	Havana, Cuba	http://www.uci.cu	23,133020401001,-82,3830413818359	1	https://www.iasp.ws/our-members/directory/@462601	462601	Science Park	
Czech Republic	Czech Technology Park Brno a.s.	Brno, Czech Republic	http://technologypark.cz/en/	49,2307586669922,16,5767917633057	1	https://www.iasp.ws/our-members/directory/@6118	6118	Science Park	
Denmark	INCUBA	Aarhus N., Denmark	http://www.incuba.dk	56,167531,10,192982	1	https://www.iasp.ws/our-members/directory/@6120	6120	Science Park	Biotechnology,Civil Engineering,Computer Science and Hardwares,Health & Pharmaceuticals,ICT & Communications
Denmark	NOVI Science Park	Aalborg, Denmark	http://www.novi.dk	57,012716,9,987797	1	https://www.iasp.ws/our-members/directory/@6125	6125	Science Park	Optics
Ecuador	Parque Científico y Tecnológico UTPL	Loja, Ecuador	http://www.utpl.edu.ec	-3.9856629629629694,-79.19768148148148	1	https://www.iasp.ws/our-members/directory/@470719	470719	Science Park	Biotechnology
Ecuador	ZEDE del Litoral	Guayalquil, Ecuador	http://www.zedelitoral.ec/	-2,14595285682222,-79,9485508520508	1	https://www.iasp.ws/our-members/directory/@6143	6143	Science Park	Agriculture and Forestry,Biotechnology,Energy,Environment,ICT & Communications,Micromachines and Nanotechnology
Egypt	Science & Technology Park for Electronics Research & Industry	Cairo Governorate, Egypt	http://www.eri.sci.eg/	30.13387777777777,31.38867407407406	1	https://www.iasp.ws/our-members/directory/@462201	462201	Science Park	
El Salvador	Parque Tecnológico en Agroindustria	La Libertad, El Salvador	http://www.cienciaytecnologia.edu.sv	13.977825925925934,-89.5639185185185	1	https://www.iasp.ws/our-members/directory/@470698	470698	Science Park	Other Food Science and Technologies
Estonia	Tartu Science Park	Tartu, Estonia	http://www.teaduspark.ee	58,3544,26,6786	1	https://www.iasp.ws/our-members/directory/@6209	6209	Science Park	Biomedical Science and Technology,Biotechnology,ICT & Communications,Mechanics, Subassemblies, Components
Estonia	TEHNOPOL Tallinn Science Park	Tallinn, Estonia	https://www.tehnopol.ee/en/	59,397829,24,651767	1	https://www.iasp.ws/our-members/directory/@6128	6128	Science Park	Computer Science and Hardwares,Electronics,Energy,Health & Pharmaceuticals,ICT & Communications
Finland	Business Joensuu	Joensuu, Finland	https://www.businessjoensuu.fi/tiedepuisto/	62,5979804992676,29,744348526001	1	https://www.iasp.ws/our-members/directory/@6307	6307	Science Park	Audiovisual,ICT & Communications,Optics,Services for Business and Industry,Software Engineering
Finland	Turku Science Park Ltd	Turku, Finland	https://turkubusinessregion.com/en	60,4495964050293,22,2948513031006	1	https://www.iasp.ws/our-members/directory/@6292	6292	Science Park	Biotechnology,Environment,Health & Pharmaceuticals,ICT & Communications,Materials,Software Engineering
France	Angers Technopole	Angers Cedex 01, France	http://www.angerstechnopole.com	47,4783744812012,-0,605832993984222	1	https://www.iasp.ws/our-members/directory/@6078	6078	Science Park	Agriculture and Forestry,Computer Science and Hardwares,Electronics,Health & Pharmaceuticals
France	Atlanpole	Nantes Cedex 3, France	http://www.atlanpole.fr	47,2802772521973,-1,51671195030212	1	https://www.iasp.ws/our-members/directory/@6238	6238	Science Park	Biotechnology,Computer Science and Hardwares,Electronics,ICT & Communications,Manufacturing and Automation Technologies
France	Caen Normandie Développement	Colombelles, France	https://www.caennormandiedeveloppement.fr/	49,1884803771973,-0,303849995136261	1	https://www.iasp.ws/our-members/directory/@6075	6075		Biotechnology,Electronics,ICT & Communications,Land Transportation,Services for Business and Industry
France	Ester Limoges Technopole	Limoges, Cedex, France	http://www.ester-technopole.org	45,8610649108887,1,28907489776611	1	https://www.iasp.ws/our-members/directory/@6079	6079	Science Park	Biotechnology,Electronics,ICT & Communications,Materials
France	Le Poool (French Tech Rennes St Malo)	Rennes, France	http://lafrenchtech-rennes.fr/le-poool/	48.1067522,-1.6943039000000226	1	https://www.iasp.ws/our-members/directory/@6082	6082	Science Park	Biotechnology,Computer Science and Hardwares,Electronics,Environment,Health & Pharmaceuticals,ICT & Communications
France	Matikem Area of Innovation - European Science Park of Haute Borne	Villeneuve D'Ascq, France	http://matikem.com/	50,6041603088379,3,15037775039673	1	https://www.iasp.ws/our-members/directory/@363301	363301	Area of Innovation	Computer Science and Hardwares,Energy,Manufacturing and Automation Technologies,Materials,Micromachines and Nanotechnology
France	Pierre Laffitte (Fondation Sophia Antipolis)	Sophia Antipolis, France	http://www.sophia-antipolis.org/	43,6222114562988,7,05000019073486	1	https://www.iasp.ws/our-members/directory/@15903	15903	Other	
France	RETIS - France Technopoles Entreprises Innovation	Toulon, France	http://www.retis-innovation.fr	48,120189666748,5,93571090698242	1	https://www.iasp.ws/our-members/directory/@6074	6074	Association	
France	Technopôle Brest-Iroise	Brest Cedex 3, France	http://www.tech-brest-iroise.fr	48,3903923034668,-4,48607587814331	1	https://www.iasp.ws/our-members/directory/@6314	6314	Science Park	Agriculture and Forestry,Biotechnology,Computer Science and Hardwares,Electronics,Employee Education and Training,ICT & Communications
France	Technopole de l'Aube en Champagne	Rosières-près-Troyes, France	http://www.technopole-aube.fr	48,2698942979314,4,07278418540955	1	https://www.iasp.ws/our-members/directory/@157601	157601	Science Park	Computer Science and Hardwares,Electronics,ICT & Communications,Micromachines and Nanotechnology,Software Engineering
France	Technopôle Marseille Provence Château-Gombert	Marseille, Cedex 13, France	http://www.technopole-marseille.com	43,3426742553711,5,4363489151001	1	https://www.iasp.ws/our-members/directory/@6081	6081	Science Park	Computer Science and Hardwares,Energy,Optics
France	Toulon Var Technologies	Toulon, France	http://www.tvt.fr	43,136409,6,009097	1	https://www.iasp.ws/our-members/directory/@6083	6083	Science Park	Computer Science and Hardwares,ICT & Communications,Military and Defense,Off-Land Transportation,Optics
Germany	Sino German Hi Tech Park	Heidelberg, Germany	http://www.sg-hitech-park.com	49.36479629629632,8.705577777777762	1	https://www.iasp.ws/our-members/directory/@469501	469501	Area of Innovation	Advanced Services in Technology Transfer,Computer Science and Hardwares,Electronics,Health & Pharmaceuticals,Materials
Germany	Technologiepark Heidelberg GmbH	Heidelberg, Germany	http://www.technologiepark-heidelberg.de	49,4221115112305,8,67543029785156	1	https://www.iasp.ws/our-members/directory/@6086	6086	Science Park	Biotechnology,Health & Pharmaceuticals,Software Engineering
Germany	Technologiepark Ostfalen	Magdeburg-Barleben, Germany	http://www.tpo.de	52,1973609924316,11,5981292724609	1	https://www.iasp.ws/our-members/directory/@6088	6088	Science Park	Health & Pharmaceuticals,ICT & Communications,Manufacturing and Automation Technologies,Pure research,Software Engineering
Germany	Wista-Management GmbH Berlin Adlershof	Berlin, Germany	https://www.adlershof.de/en/	52,430823,13,533216	1	https://www.iasp.ws/our-members/directory/@6210	6210	Science Park	Biotechnology,Energy,Environment,ICT & Communications,Optics
Greece	Attica Technology Park 	Athens, Greece	http://www.demokritos.gr/lefkippos-tech-park/	37,979061126709,23,6885509490967	1	https://www.iasp.ws/our-members/directory/@6090	6090	Science Park	Biotechnology,Computer Science and Hardwares,Electronics,ICT & Communications,Materials
Greece	Science and Technology Park of Crete (STEP-C)	Heraklio, Greece	http://www.stepc.gr	35,3291625976562,25,1385269165039	1	https://www.iasp.ws/our-members/directory/@6092	6092	Science Park	Biotechnology,Environment,ICT & Communications,Materials
Greece	Thessaloniki Technology Park	Thessaloniki, Greece	http://www.thestep.gr	40,567024230957,22,998010635376	1	https://www.iasp.ws/our-members/directory/@6167	6167	Science Park	Biotechnology,Energy,Food Sciences,ICT & Communications,Materials
Hungary	Association of Industrial, Science, Innovation and Technology Parks	Budapest, Hungary	http://www.ipe.hu	47.51082592592593,19.070199999999886	1	https://www.iasp.ws/our-members/directory/@469343	469343	Association	
Iceland	The University of Iceland Science Park	Reykjavík, Iceland	http://www.visindagardar.is/	64.1431636,-21.9397097	1	https://www.iasp.ws/our-members/directory/@333101	333101	Science Park	Biotechnology,Civil Engineering,Computer Science and Hardwares,Health & Pharmaceuticals,ICT & Communications
India	Andhra Pradesh MedTech Zone Limited	Visakhapatnam, India	http://amtz.in/	17.805040740740743,83.39138518518507	1	https://www.iasp.ws/our-members/directory/@469328	469328	Science Park	Health & Pharmaceuticals,Manufacturing and Automation Technologies,Medical Equipment
India	IKP Knowledge Park	Secunderabad, India	http://www.ikpknowledgepark.com	17,4569072723389,78,4990005493164	1	https://www.iasp.ws/our-members/directory/@6135	6135	Science Park	Biotechnology,Chemistry and Chemicals,Health & Pharmaceuticals,Materials
Iran	Arak Science & Technology Park	Arak, Iran	http://www.astp.ir	34,0877990722656,49,6845016479492	1	https://www.iasp.ws/our-members/directory/@6186	6186	Science Park	Chemistry and Chemicals,ICT & Communications,Mechanics, Subassemblies, Components
Iran	Chaharmahal & Bakhtiyari Science & Technology Park	Shahr-e Kord, Iran	http://chbstp.ir/en	32,3165598849915,50,8711060881615	1	https://www.iasp.ws/our-members/directory/@370701	370701	Science Park	Computer Science and Hardwares,Electronics,Energy,Food Sciences,Health & Pharmaceuticals
Iran	East Azarbaijan Science and Technology Park	Tabriz, Iran	http://eastp.ir/en-us/home	38,0800018310547,46,2919006347656	1	https://www.iasp.ws/our-members/directory/@6095	6095	Science Park	Biotechnology,Chemistry and Chemicals,Computer Science and Hardwares,Pure research,Services for Business and Industry
Iran	Fars Science and Technology Park - FSTP	Shiraz, Iran	http://www.fstp.ir	29,7059334350367,52,6126677910638	1	https://www.iasp.ws/our-members/directory/@6096	6096	Science Park	Agriculture and Forestry,Biotechnology,Chemistry and Chemicals,Electrical Power Science and Technology,Energy,ICT & Communications,Manufacturing and Automation Technologies
Iran	Golestan Science & Technology Park	Aq Tekeh Khan, Iran	http://www.gstpark.ir	36,98296,54,45064	1	https://www.iasp.ws/our-members/directory/@381201	381201	Science Park	Agriculture and Forestry,Biotechnology,Chemistry and Chemicals,Computer Science and Hardwares,Health & Pharmaceuticals
Iran	Guilan Science and Technology Park	Rasht, Iran	http://www.gstp.ir	37.2682177,49.58912329999998	1	https://www.iasp.ws/our-members/directory/@6098	6098	Science Park	Agriculture and Forestry,Biotechnology,Chemistry and Chemicals,Electronics,ICT & Communications
Iran	Isfahan Science & Technology Town (ISTT)	Isfahan, Iran	http://www.istt.org	32,7158622741699,51,5310859680176	1	https://www.iasp.ws/our-members/directory/@6100	6100	Science Park	Biotechnology,Computer Science and Hardwares,Energy,ICT & Communications,Manufacturing and Automation Technologies
Iran	Kermanshah Science & Technology Park	Kermanshah, Iran	http://www.kti.ir	34,3141708374023,47,064998626709	1	https://www.iasp.ws/our-members/directory/@6203	6203	Science Park	Chemistry and Chemicals,Computer Science and Hardwares,ICT & Communications
Iran	Khorasan Science and Technology Park - KSTP	Mashad (Khorasan), Iran	http://www.kstp.ir	36.4415845,59.4216953	1	https://www.iasp.ws/our-members/directory/@6214	6214	Science Park	Artificial Intelligence Softwares,Chemistry and Chemicals,Cultural Industry and Humanities,Electronics,Food Sciences,ICT & Communications,Materials,Mechatronics,Medical Equipment,Micromachines and Nanotechnology
Iran	Khuzestan Science and Technology Park	Ahvaz, Iran	http://www.khstp.ir	31,3192146424581,48,6683678629197	1	https://www.iasp.ws/our-members/directory/@441801	441801	Science Park	Chemistry and Chemicals,Energy,ICT & Communications
Iran	Mazandaran STP	Sari, Iran	http://www.mstp.ir	36,5781288146973,53,0574073791504	1	https://www.iasp.ws/our-members/directory/@333801	333801	Science Park	Agriculture and Forestry,Computer Science and Hardwares,Electronics,Food Sciences,Sport, Tourism, Entertaiment
Iran	Modares Science and Technology Park	Tehran, Iran	http://www.mstpark.com	35,717357635498,51,388427734375	1	https://www.iasp.ws/our-members/directory/@388501	388501	Science Park	Agriculture and Forestry,Cultural Industry and Humanities,Electronics,Health & Pharmaceuticals,Micromachines and Nanotechnology
Iran	North Khorasan Science and Technology Park	Bojnurd, Iran	http://www.nkstp.ir	37,4823265075684,57,3209762573242	1	https://www.iasp.ws/our-members/directory/@448904	448904	Science Park	Agriculture Chemistry,Civil Engineering,ICT & Communications,Renewable Energies
Iran	Pardis Technology Park	Pardis, Iran	http://www.techpark.ir	35,720288,51,826641	1	https://www.iasp.ws/our-members/directory/@6285	6285	Science Park	Biotechnology,Electronics,ICT & Communications,Mechanics, Subassemblies, Components,Micromachines and Nanotechnology,Software Engineering
Iran	Persian Gulf Science and Technology Park	Bushehr, Iran	http://www.pgstp.ir	28,9812774658203,50,8322219848633	1	https://www.iasp.ws/our-members/directory/@6149	6149	Science Park	Electrical Power Science and Technology,Electronics,Energy,Micromachines and Nanotechnology
Iran	Qeshm International Incubator	Qeshm Island, Iran	http://qiic.ir/fa/#	26,8118673,55,8913207	1	https://www.iasp.ws/our-members/directory/@6017	6017	Business Incubator	Atmospheric and Earth Sciences,Computer Science and Hardwares,Cultural Industry and Humanities,Electrical Power Science and Technology,Energy,Human Resources
Iran	Science & Technology Park of Kurdistan	Sanandaj, Iran	http://www.stpok.ir	35.2702111111111,46.99914814814815	1	https://www.iasp.ws/our-members/directory/@383901	383901	Science Park	Agriculture and Forestry,Electronics,ICT & Communications,Mechanics, Subassemblies, Components,Software Engineering
Iran	Semnan Science & Technology Park	Shahrood (Shahrud), Iran	http://www.sstp.ir	36.4062241,55.016268999999966	1	https://www.iasp.ws/our-members/directory/@6322	6322	Science Park	
Iran	University of Tehran Science & Technology Park	Tehran, Iran	http://stp.ut.ac.ir	35,732487,51,389022	1	https://www.iasp.ws/our-members/directory/@6211	6211	Science Park	Biotechnology,Electronics,ICT & Communications,Mechanics, Subassemblies, Components,Micromachines and Nanotechnology
Iran	Yazd Science & Technology Park (YSTP)	Yazd, Iran	http://www.ystp.ac.ir	31,866379,54,353611	1	https://www.iasp.ws/our-members/directory/@6177	6177	Science Park	Agriculture and Forestry,Biotechnology,Cultural Industry and Humanities,Electronics,Energy,Health & Pharmaceuticals,ICT & Communications
Italy	Alma Mater Studiorum Università di Bologna	Bologna, Italy	http://www.unibo.it	44,4969826,11,3524986	1	https://www.iasp.ws/our-members/directory/@6137	6137	University / Higher Education Institution	
Italy	Area di Ricerca Scientifica e Tecnologica di Trieste - AREA Science Park	Trieste, Italy	http://www.areasciencepark.it	45,6606330871582,13,8358039855957	1	https://www.iasp.ws/our-members/directory/@6122	6122	Science Park	Biotechnology,Energy,Environment,Health & Pharmaceuticals,ICT & Communications,Materials
Italy	Arexpo S.p.A.	Milano, Italy	http://www.arexpo.it	45,46427,9,18951000000004	1	https://www.iasp.ws/our-members/directory/@468201	468201	Science Park	
Italy	ComoNExT SpA	Lomazzo, Italy	http://www.comonext.it	45.694654,9.035398999999984	1	https://www.iasp.ws/our-members/directory/@6121	6121	Science Park	Advanced Services in Technology Transfer,Energy,ICT & Communications,Manufacturing and Automation Technologies,Services for Business and Industry
Italy	Genova High Tech S.p.a	Genova, Italy	http://www.great-campus.it	44,4241981506348,8,86421298980713	1	https://www.iasp.ws/our-members/directory/@391201	391201	Science Park	Computer Science and Hardwares,Electronics,Health & Pharmaceuticals,ICT & Communications,Services for Business and Industry
Italy	Italian Association of Science and Technology Parks	Colleretto Giacosa (TO), Italy	http://www.apsti.it	45.43904814814813,7.827681481481477	1	https://www.iasp.ws/our-members/directory/@6215	6215	Association	Services for Business and Industry
Italy	Jacobacci & Partners	Torino, Italy	http://www.jacobacci.com	45,083642202568,7,68605507085917	1	https://www.iasp.ws/our-members/directory/@372501	372501	Private Sector Company	
Italy	Kilometro Rosso Science Park	Bergamo, Italy	http://www.kilometrorosso.com	45,6680526733398,9,66013240814209	1	https://www.iasp.ws/our-members/directory/@6315	6315	Science Park	Materials,Mechatronics
Italy	META Group	Terni, Italy	http://www.meta-group.com	42,5625953674316,12,6483631134033	1	https://www.iasp.ws/our-members/directory/@6244	6244	Private Sector Company	
Italy	NOI Techpark Südtirol/Alto Adige	Bozen, Italy	http://www.noi.bz.it	46.479122222222216,11.333177777777792	1	https://www.iasp.ws/our-members/directory/@6140	6140	Science Park	Agriculture and Forestry,Food Sciences,Renewable Energies
Italy	Point Science Park (Bergamo Sviluppo)	Bergamo, Italy	http://www.bergamosviluppo.it	45,6966552734375,9,6679630279541	1	https://www.iasp.ws/our-members/directory/@71501	71501	Science Park	ICT & Communications,Land Transportation,Materials
Italy	Trentino Sviluppo S.p.A.	Rovereto - Trento, Italy	http://www.trentinosviluppo.it	45,89,11,032222	1	https://www.iasp.ws/our-members/directory/@5906	5906	Science Park	Off-Land Transportation
Ivory Coast	VITIB SA	Grand Bassam, Ivory Coast	http://www.vitib.ci/	8,12884616851807,-4,921875	1	https://www.iasp.ws/our-members/directory/@381801	381801	Science Park	Cloud Computing,Database Management Softwares,Health & Pharmaceuticals
Japan	Kyoto Research Park	Kyoto, Japan	http://www.krp.co.jp	34,994722,135,738611	1	https://www.iasp.ws/our-members/directory/@5950	5950	Science Park	Biotechnology,Chemistry and Chemicals,Computer Science and Hardwares,Health & Pharmaceuticals,ICT & Communications,Manufacturing and Automation Technologies,Services for Business and Industry
Japan	Mikio Uemura	, Japan		0,0	1	https://www.iasp.ws/our-members/directory/@15908	15908	Other	
Japan	Tetsuzo Kawamoto	Tokyo, Japan		35,6826095581055,139,698852539063	1	https://www.iasp.ws/our-members/directory/@15912	15912	Other	
Kenya	Konza Technopolis	Chiromo, Kenya	http://www.konzacity.go.ke	-1,26675320216134,36,7997266352177	1	https://www.iasp.ws/our-members/directory/@394101	394101	Area of Innovation	
Kenya	University Of Nairobi Science and Technology Park	Nairobi, Kenya		-1,25521922111511,36,7377662658691	1	https://www.iasp.ws/our-members/directory/@415101	415101	Science Park	ICT & Communications,Manufacturing and Automation Technologies,Pure research,Services for Business and Industry,Software Engineering
Kosovo	UBT - Science and Innovation Campus	Prishtine, Kosovo	http://www.ubt-uni.net	42,6200981140137,21,162525177002	1	https://www.iasp.ws/our-members/directory/@232601	232601	Science Park	ICT & Communications,Mechanics, Subassemblies, Components,Robotics and Plant Automation
Latvia	Latvian Technological Center	Riga, Latvia	http://www.innovation.lv/ltc	56,9721984863281,24,1909008026123	1	https://www.iasp.ws/our-members/directory/@6218	6218		Biotechnology,Chemistry and Chemicals,Electrical Power Science and Technology,Energy,Environment
Lithuania	Kaunas Science and Technology Park	Kaunas, Lithuania	http://kaunomtp.lt/en	54,9059524536133,23,9314441680908	1	https://www.iasp.ws/our-members/directory/@6248	6248	Science Park	ICT & Communications,Software Engineering
Luxembourg	Technoport	Esch-Sur-Alzette, Luxembourg	http://www.technoport.lu	49,5015678405762,5,94919204711914	1	https://www.iasp.ws/our-members/directory/@10248	10248	Business Incubator	
Malaysia	Kulim Hi-Tech Park	Kulim, Malaysia	http://www.khtp.com.my	5,4242000579834,100,583374023438	1	https://www.iasp.ws/our-members/directory/@9447	9447	Science Park	Medical Equipment,Other Energy Science and Technology,Pharmaceuticals,Semiconductor Science and Technology,Telecommunication
Malaysia	Malaysia Digital Economy Corporation (MDEC)	Cyberjaya, Malaysia	http://www.mdec.com.my	2,92299795150757,101,65160369873	1	https://www.iasp.ws/our-members/directory/@5955	5955	Science Park	ICT & Communications,Services for Business and Industry,Software Engineering
Malaysia	Technology Park Malaysia Corporation	Bukit Jalil, Malaysia	http://www.tpm.com.my	3,0593688,101,688328	1	https://www.iasp.ws/our-members/directory/@6035	6035	Science Park	Biotechnology,Computer Science and Hardwares,Employee Education and Training,ICT & Communications,Software Engineering
Mauritius	Mon Trésor Smart City Ltd	Port-Louis, Mauritius	http://www.montresor.mu/	-20,2884188,57,3779066	1	https://www.iasp.ws/our-members/directory/@370001	370001	Area of Innovation	
Mexico	Pachuca Ciudad del Conocimiento y la Cultura	Municipio de San Agustín Tlaxiaca, Mexico	http://ciudaddelconocimiento.hidalgo.gob.mx/	20.114700000000006,-98.83332592592592	1	https://www.iasp.ws/our-members/directory/@328401	328401	Area of Innovation	Agro-bio,Mechanical Engineering,New Materials,Textiles and Fibers,Transportation logistics
Mexico	Parque de Innovación De La Salle	León de los Aldama, Mexico	http://www.parquedeinnovacion.org.mx	21,1543737426335,-101,712625166596	1	https://www.iasp.ws/our-members/directory/@365201	365201	Science Park	Cultural Industry and Humanities,Energy,Environment,Pure research,Services for Business and Industry
Mexico	Parque de Innovación Tecnológica - Universidad Autónoma de Sinaloa	Culiacan de Rosales, Mexico	http://innovacion.uas.edu.mx/	24,8231430053711,-107,379539489746	1	https://www.iasp.ws/our-members/directory/@322801	322801	Science Park	Computer Science and Hardwares,Electronics,Environment,Manufacturing and Automation Technologies,Software Engineering
Mexico	Parque de Innovación Tecnológica del Centro de Investigaciones Biológicas del Noroeste, S.C.	La Paz, Mexico	https://www.cibnor.gob.mx	24,1171729,-110,3094778	1	https://www.iasp.ws/our-members/directory/@6310	6310	Science Park	Agriculture and Forestry
Mexico	Parque Tecnológico Orión del Tec de Monterrey Chihuahua	Chihuahua, Mexico	http://www.chi.itesm.mx	28,6758681,-106,0772446	1	https://www.iasp.ws/our-members/directory/@6254	6254	Science Park	
Mexico	PIIT Parque de Investigación e Innovación Tecnológica (Research Park)	Monterrey, Mexico	http://piit.com.mx/	25,6801147460938,-100,353744506836	1	https://www.iasp.ws/our-members/directory/@6284	6284	Science Park	Biotechnology,Land Transportation,Manufacturing and Automation Technologies,Micromachines and Nanotechnology
Mexico	tecniA Parque Tecnológico y de Innovación	Merida, Mexico	http://tecnia.anahuacmayab.mx/	21,1109485626221,-89,6149673461914	1	https://www.iasp.ws/our-members/directory/@332901	332901	Science Park	Advanced Services in Technology Transfer,Energy,Environment,ICT & Communications,Sport, Tourism, Entertaiment
Morocco	Technopark Morocco	Casablanca, Morocco	http://www.technopark.ma	33.5426293,-7.6415145	1	https://www.iasp.ws/our-members/directory/@9501	9501	Science Park	Cultural Industry and Humanities,Energy,Environment,ICT & Communications,Software Engineering
Namibia	Namibia Business Innovation Institute	Windhoek, Namibia	http://nbii.nust.na	-22,5666618,17,0777174	1	https://www.iasp.ws/our-members/directory/@6016	6016	University / Higher Education Institution	Computer Science and Hardwares,Food Sciences,ICT & Communications,Software Engineering
Netherlands	Cooperative Society of the Development of Leerpark U.A.	Dordrecht, Netherlands	http://www.leerpark.nl	51,7978096008301,4,67961978912354	1	https://www.iasp.ws/our-members/directory/@15918	15918	Other	
Netherlands	High Tech Campus Eindhoven	Eindhoven, Netherlands	http://www.hightechcampus.com	51,410052,5,452844	1	https://www.iasp.ws/our-members/directory/@6024	6024	Science Park	Energy,Health & Pharmaceuticals,ICT & Communications,Micromachines and Nanotechnology,Software Engineering
Netherlands	Innovation Area Development Partnership (IADP)	Nijmegen, Netherlands	https://iadp.co	51.8305876,5.8827526	1	https://www.iasp.ws/our-members/directory/@444501	444501	Private Sector Company	
Netherlands	Utrecht Science Park	Utrecht, Netherlands	http://www.utrechtsciencepark.nl	52,0851745605469,5,17544460296631	1	https://www.iasp.ws/our-members/directory/@57701	57701	Science Park	Environment,Food Sciences,Health & Pharmaceuticals,Metrology and Services
Nigeria	Abuja Technology Village Free Zone Company	Abuja, Nigeria	http://www.abujatechnologyvillage.com	9,0785227,7,4917984	1	https://www.iasp.ws/our-members/directory/@6185	6185	Science Park	Biotechnology,ICT & Communications
Nigeria	Lion Science Park	Nsukka, Nigeria	http://www.lionsciencepark.com	6.8429444444444485,7.373266666666723	1	https://www.iasp.ws/our-members/directory/@470669	470669	Science Park	Agriculture and Forestry,Biotechnology,Computer Science and Hardwares,ICT & Communications,Micromachines and Nanotechnology
Oman	Innovation Park Muscat	Al Athaiba, Oman	http://www.trc.gov.om	23,6105709075928,58,5442771911621	1	https://www.iasp.ws/our-members/directory/@31901	31901	Science Park	Biotechnology,Energy,Environment,Food Sciences,Health & Pharmaceuticals
Oman	Knowledge Oasis Muscat	Rusayl (Muscat), Oman	http://www.kom.om	23,559722,58,182222	1	https://www.iasp.ws/our-members/directory/@6247	6247	Science Park	Computer Science and Hardwares,Energy,Environment,ICT & Communications
Pakistan	National Science and Technology Park (NSTP)	Islamabad, Pakistan	http://www.nust.edu.pk/INSTITUTIONS/Directortes/NSTP/Pages/default.aspx	33,6455726623535,72,9903411865234	1	https://www.iasp.ws/our-members/directory/@6166	6166	Science Park	Energy,ICT & Communications,Off-Land Transportation,Software Engineering
Palestine	Higher council for Innovation and Excellence	Ramallah, Palestine	http://www.hcie.ps/ar#/ar/services/22.html	31.903766666666662,35.20341481481478	1	https://www.iasp.ws/our-members/directory/@441501	441501	Government, National	
Palestine	The Palestine Techno Park	Bir Zayt, Palestine	http://www.technopark.ps/	31,9695892333984,35,1940803527832	1	https://www.iasp.ws/our-members/directory/@464501	464501	Area of Innovation	
Panama	Ciudad del Saber - Panama	Ciudad de Panamá, Panama	http://www.ciudaddelsaber.org	8.9991637,-79.584107	1	https://www.iasp.ws/our-members/directory/@5970	5970	Science Park	Biotechnology,Cultural Industry and Humanities,Environment,Health & Pharmaceuticals,ICT & Communications
Paraguay	Fundacion Parque Tecnológico Itaipu - Py	Tacurupucu, Hernandarias, Paraguay	http://www.pti.org.py	-25,4196701049805,-54,6116065979004	1	https://www.iasp.ws/our-members/directory/@6142	6142	Science Park	
Peru	Pontificia Universidad Católica del Perú	Lima, Peru	http://www.cide.pucp.edu.pe	-12,0772218704224,-77,0927810668945	1	https://www.iasp.ws/our-members/directory/@5901	5901	Science Park	
Poland	City of Gdynia - Pomeranian Science and Technology Park Gdynia	Gdynia, Poland	http://www.ppnt.pl	54,4961891174316,18,5382747650146	1	https://www.iasp.ws/our-members/directory/@6255	6255	Science Park	Biotechnology,Consulting and Advice,Cultural Industry and Humanities,Electronics,Environment,Human Resources,ICT & Communications
Poland	Jagiellonian Centre of Innovation Ltd (Krakow Life Science Park)	Krakow, Poland	http://www.jci.pl	50,0223541259766,19,8988418579102	1	https://www.iasp.ws/our-members/directory/@6274	6274	Science Park	Biotechnology,Chemistry and Chemicals,Consulting and Advice,Environment
Poland	Kielce Technology Park	Kielce, Poland	http://www.technopark.kielce.pl/eng/home	50,8475723266602,20,6103515625	1	https://www.iasp.ws/our-members/directory/@71201	71201	Science Park	Audiovisual,Cultural Industry and Humanities,Energy,ICT & Communications,Mechanics, Subassemblies, Components
Poland	Krakow Technology Park	Krakow, Poland	http://www.kpt.krakow.pl/en/	50,0210990905762,19,8862152099609	1	https://www.iasp.ws/our-members/directory/@5923	5923	Science Park	Biotechnology,Computer Science and Hardwares,ICT & Communications
Poland	Poznan Science and Technology Park, Adam Mickiewicz University Foundation	Poznan, Poland	http://www.ppnt.poznan.pl	52,454444,16,954444	1	https://www.iasp.ws/our-members/directory/@5952	5952	Science Park	Biotechnology,Chemistry and Chemicals,Computer Science and Hardwares,ICT & Communications,Software Engineering
Poland	Wroclawski Park Technologiczny	Wroclaw, Poland	http://www.technologpark.pl	51,1117210388184,16,970760345459	1	https://www.iasp.ws/our-members/directory/@6288	6288	Science Park	Biotechnology,Electronics,Energy,Food Sciences,ICT & Communications
Portugal	Associação Parque de Ciência e Tecnologia Almada/Setúbal - Madan Parque	Caparica, Portugal	http://www.madanparque.pt	38,661111,-9,205833	1	https://www.iasp.ws/our-members/directory/@5997	5997	Science Park	Employee Education and Training,Environment,ICT & Communications,Off-Land Transportation,Services for Business and Industry,Software Engineering
Portugal	Associação Portuguesa de Parques de Ciência e Tecnologia	Abrantes, Portugal	http://www.tecparques.pt	39.475499,-8.189423	1	https://www.iasp.ws/our-members/directory/@5913	5913	Association	
Portugal	Creative Science Park - Aveiro Region	Ílhavo, Portugal	http://www.pci.pt/	40.6177377,-8.6687255	1	https://www.iasp.ws/our-members/directory/@6263	6263	Science Park	Energy,Food Sciences,Materials,Services for Business and Industry
Portugal	iParque - Parque para a Inovação em Ciência, Tecnologia e Saúde, EM SA	Coimbra, Portugal	http://www.coimbraiparque.pt	40,2016448974609,-8,4242992401123	1	https://www.iasp.ws/our-members/directory/@6228	6228	Science Park	
Portugal	LISPOLIS - Polo Tecnologico de Lisboa	Lisboa, Portugal	http://www.lispolis.pt	38,7666091918945,-9,18218517303467	1	https://www.iasp.ws/our-members/directory/@6229	6229	Science Park	Environment,ICT & Communications,Services for Business and Industry
Portugal	PACT - Parque do Alentejo de Ciência e Tecnologia, S.A.	Évora, Portugal	http://www.pact.pt	38.54894444444443,-7.911059259259218	1	https://www.iasp.ws/our-members/directory/@469562	469562	Science Park	Computer Science and Hardwares,ICT & Communications,Software Engineering
Portugal	Sociedade Portuguesa de Inovação	Porto, Portugal	http://www.spi.pt/	41.1565116,-8.6722325	1	https://www.iasp.ws/our-members/directory/@470804	470804	Private Sector Company	
Portugal	TECMAIA - Parque de Ciência e Tecnologia da Maia	Maia, Portugal	http://www.espacomunicipal.pt	41,2313499450684,-8,62265968322754	1	https://www.iasp.ws/our-members/directory/@6007	6007	Science Park	Computer Science and Hardwares,Electronics,ICT & Communications,Services for Business and Industry,Software Engineering
Qatar	Qatar Science & Technology Park	Doha, Qatar	http://www.qstp.org.qa	25.2854473,51.53103979999992	1	https://www.iasp.ws/our-members/directory/@6199	6199	Science Park	Energy,Environment,Health & Pharmaceuticals,ICT & Communications
Qazaqstan	Almaty Tech Garden	Almaty, Qazaqstan	http://techgarden.kz	43.14277,76.90283	1	https://www.iasp.ws/our-members/directory/@341601	341601	Science Park	Advanced Services in Technology Transfer,New Materials,Renewable Energies,Telecommunication
Qazaqstan	Technopark Astana Business Campus	Astana, Qazaqstan	http://en.nuris.nu.edu.kz/technopark/eng	51.094951,71.4024507	1	https://www.iasp.ws/our-members/directory/@471940	471940	Science Park	Biochemistry,Civil Engineering,Computer Science and Hardwares,Industrial Design,Space Technology
Romania	Magurele Science Park	Magurele, Romania	http://www.magurelesciencepark.ro	44.36624814814816,26.040851851851812	1	https://www.iasp.ws/our-members/directory/@470703	470703	Science Park	Lasers and Masers,Other Health and Pharmaceutical Science and Technology
Romania	TETAPOLIS Science and Technology Park	Cluj-Napoca, Romania	http://www.tetarom.ro	46,7800257428821,23,5601699352264	1	https://www.iasp.ws/our-members/directory/@361401	361401	Science Park	
Russia	Hi-Technology Park "Phystechpark"	Moscow, Russia	http://phystechpark.ru/	55,7558250427246,37,6172981262207	1	https://www.iasp.ws/our-members/directory/@392001	392001	Science Park	
Russia	JSC Motek-C	Moscow, Russia	http://www.itradnoe.com	55,8566207885742,37,5998802185059	1	https://www.iasp.ws/our-members/directory/@376401	376401	Science Park	Energy Saving and Conservation,ICT & Communications,Opto-electronics Devices,Other Land Transportation Science and Technology
Russia	Kalibr	Moscow, Russia	http://www.kalibroao.ru	55,7522201538086,37,6155586242676	1	https://www.iasp.ws/our-members/directory/@358001	358001	Science Park	Audiovisual,Electronics,ICT & Communications,Mechanics, Subassemblies, Components,Software Engineering
Russia	Kazan Hi-Technology Park "IT Park"	Kazan, Russia	http://www.itpark-kazan.ru	55,7810554504395,49,1342735290527	1	https://www.iasp.ws/our-members/directory/@81201	81201	Science Park	ICT & Communications
Russia	MSU Science Park	Moscow, Russia	http://www.sciencepark.ru	55,7060165405273,37,5762138366699	1	https://www.iasp.ws/our-members/directory/@6196	6196	Science Park	Chemistry and Chemicals,Computer Science and Hardwares,Health & Pharmaceuticals,ICT & Communications,Services for Business and Industry
Russia	NAGATINO TECHNOPARK	Moscow, Russia	http://technopark-nagatino.ru/	55,7269409147201,37,6000213623047	1	https://www.iasp.ws/our-members/directory/@371401	371401	Science Park	Computer Science and Hardwares,Electronics,Health & Pharmaceuticals,ICT & Communications,Software Engineering
Russia	R&D Park	Krasnoyarsk, Russia	http://www.rndpark.com	56.01400370370372,92.88846666666666	1	https://www.iasp.ws/our-members/directory/@469471	469471	Science Park	Biotechnology,Chemistry and Chemicals,New Materials,Other Materials
Russia	SUE NGO Mosgormash	Moscow, Russia	http://www.tpmgm.ru	55,6572761535644,37,630126953125	1	https://www.iasp.ws/our-members/directory/@243601	243601	Science Park	ICT & Communications,Mechanical Engineering,Opto-electronics Devices,Other Micromachines and Nanotechnology
Russia	Technology park "Module"	Moscow, Russia	https://www.module.ru/en/	55,8034866801134,37,5477772951126	1	https://www.iasp.ws/our-members/directory/@394701	394701	Science Park	Audiovisual,Electronics,Micromachines and Nanotechnology,Software Engineering,Space Technology
Russia	Technopark "Zhiguli Valley"	Togliatti, Russia	http://z-valley.cik63.ru/	53,5598335266113,49,2126884460449	1	https://www.iasp.ws/our-members/directory/@187201	187201	Science Park	Biotechnology,Chemistry and Chemicals,Energy Saving and Conservation,ICT & Communications,Off-Land Transportation
Russia	Technopark Skolkovo LLC	Moscow, Russia	http://www.technopark.sk.ru	56,0086097717285,37,7958869934082	1	https://www.iasp.ws/our-members/directory/@53101	53101	Science Park	Biomedical Science and Technology,Energy Saving and Conservation,Informatics and Telematics,Nuclear Science and Technology,Space Technology
Russia	Technopark Slava JSC	Moscow, Russia	http://www.technopark-slava.ru	55,6533434,37,5532078	1	https://www.iasp.ws/our-members/directory/@331901	331901	Science Park	Biotechnology,Computer Science and Hardwares,Electronics,Energy,Health & Pharmaceuticals
Russia	Technopark Strogino	Moscow, Russia	http://www.tpstrogino.ru	55,7933311462402,37,392406463623	1	https://www.iasp.ws/our-members/directory/@39401	39401	Science Park	Civil Engineering,Computer Science and Hardwares,Materials,Micromachines and Nanotechnology,Optics
Russia	Technopolis Moscow	Moscow, Russia	http://www.technomoscow.ru	55,7522201538086,37,6155586242676	1	https://www.iasp.ws/our-members/directory/@215201	215201	Science Park	Biotechnology,ICT & Communications,Micro- and nanoelectronics,New Materials,Robotics and Plant Automation
Russia	The Bonch-Bruevich Saint-Petersburg State University of Telecommunications	St. Petersburg, Russia	http://www.sut.ru	59,93447,30,3178	1	https://www.iasp.ws/our-members/directory/@5915	5915	University / Higher Education Institution	
Saudi Arabia	Dhahran Techno Valley Company	Dhahran, Saudi Arabia	http://www.dtvc.com.sa/	26,3010711669922,50,1598205566406	1	https://www.iasp.ws/our-members/directory/@6015	6015	Science Park	Atmospheric and Earth Sciences,Chemistry and Chemicals,Electrical Power Science and Technology,Manufacturing and Automation Technologies,Materials
Saudi Arabia	KAUST Research and Technology Park (KRTP)	Thuwal, Saudi Arabia	https://innovation.kaust.edu.sa/industry/park/	22.309465,39.10469699999999	1	https://www.iasp.ws/our-members/directory/@257601	257601	Science Park	Biotechnology,Chemistry and Chemicals,Energy,Environment
Saudi Arabia	Makkah Techno Valley	Makkah, Saudi Arabia	http://wadimakkah.sa/?lang=en	21,4166698455811,39,8166732788086	1	https://www.iasp.ws/our-members/directory/@54601	54601	Science Park	
Saudi Arabia	Prince Mohammad Bin Fahd Bin Abdulaziz University	Al-Khobar, Saudi Arabia	http://www.pmu.edu.sa/	26,2833333,50,2	1	https://www.iasp.ws/our-members/directory/@6232	6232	University / Higher Education Institution	
Saudi Arabia	Research Products Development Company	Riyadh, Saudi Arabia	http://rpdinnovations.com/	24.784197,46.6558053	1	https://www.iasp.ws/our-members/directory/@470880	470880	Private Sector Company	
Serbia	Science Technology Park Belgrade	Belgrade, Serbia	http://www.ntpark.rs	44.79755925925927,20.501340740740716	1	https://www.iasp.ws/our-members/directory/@469316	469316	Science Park	ICT & Communications
Singapore	Singapore Science Park Ltd.	Singapore, Singapore	https://www.sciencepark.com.sg/en/	1,35208523273468,103,819831848145	1	https://www.iasp.ws/our-members/directory/@6025	6025	Science Park	Biotechnology,Chemistry and Chemicals,Computer Science and Hardwares,Electronics,Environment,Food Sciences,ICT & Communications
Slovakia	CEPIT Infra s.r.o.	Bratislava, Slovakia	http://www.cepit.sk	48,1461334228516,17,115930557251	1	https://www.iasp.ws/our-members/directory/@5982	5982	Science Park	Land Transportation
Slovakia	Comenius University Science Park	Bratislava 4, Slovakia	http://www.cusp.uniba.sk	48,1526641845703,17,075740814209	1	https://www.iasp.ws/our-members/directory/@129501	129501	Science Park	Biotechnology,Environment,Health & Pharmaceuticals
Slovakia	University Science Park TECHNICOM	Staré Mesto, Slovakia	http://technicom.tuke.sk	48,7310447692871,21,2439746856689	1	https://www.iasp.ws/our-members/directory/@188901	188901	Science Park	
Slovenia	Technology Park Ljubljana	Ljubljana, Slovenia	http://www.tp-lj.si	46.04946296296296,14.460629629629693	1	https://www.iasp.ws/our-members/directory/@6160	6160	Science Park	Biotechnology,Environment,Health & Pharmaceuticals,ICT & Communications,Materials
South Africa	Central University of technology, Free State, 	Bloemfontein, South Africa	http://www.cut.ac.za	-29.1183753,26.2145313	1	https://www.iasp.ws/our-members/directory/@471921	471921	University / Higher Education Institution	
South Africa	East London IDZ SOC	East London, South Africa	http://www.elidzstp.co.za/	-32,790943145752,27,7432079315186	1	https://www.iasp.ws/our-members/directory/@27601	27601	Science Park	Health & Pharmaceuticals,Motor Vehicles Technology,Other Agriculture Science and Technology,Renewable Energies
South Africa	Free State University	Bloemfontein, South Africa	http://www.ufs.ac.za	-29,1043891906738,26,175163269043	1	https://www.iasp.ws/our-members/directory/@54301	54301	Association	
South Africa	The Innovation Hub	Pretoria, South Africa	http://www.theinnovationhub.com	-25,7490253448486,28,2679023742676	1	https://www.iasp.ws/our-members/directory/@6265	6265	Science Park	Biotechnology,Electronics,ICT & Communications,Manufacturing and Automation Technologies,Materials
South Korea	Chungbuk Technopark	Cheongju, South Korea	http://www.cbtp.or.kr	36.639516322287975,127.48600678006983	1	https://www.iasp.ws/our-members/directory/@6268	6268	Science Park	Biotechnology,Electronics,Energy,Health & Pharmaceuticals,ICT & Communications
South Korea	INNOPOLIS Foundation	Daejeon, South Korea	http://www.innopolis.or.kr	36,362216,127,3561329	1	https://www.iasp.ws/our-members/directory/@5996	5996	Science Park	Biotechnology,Electronics,ICT & Communications,Manufacturing and Automation Technologies,Optics
South Korea	Jeju Free International City Development Center	Jeju City, South Korea	http://www.jeju-sp.com	33,4996213,126,5311884	1	https://www.iasp.ws/our-members/directory/@6182	6182	Science Park	Biotechnology,Computer Science and Hardwares,Electronics,Health & Pharmaceuticals,ICT & Communications
Spain	Association of Science and Technology Parks of Spain	Campanillas, Spain	http://www.apte.org	36,7373237609863,-4,55031394958496	1	https://www.iasp.ws/our-members/directory/@5904	5904	Association	
Spain	Barcelona Activa	Barcelona, Spain	http://www.barcelonactiva.cat/barcelonactiva/cat/	41.4064925925926,2.192866666666646	1	https://www.iasp.ws/our-members/directory/@469123	469123	Science Park	Computer Science and Hardwares
Spain	Fundación de la Comunitat Valenciana Ciudad Politécnica de la Innovación	Valencia, Spain	http://www.upv.es/cpi	39,4704093933106,-0,347880005836487	1	https://www.iasp.ws/our-members/directory/@5938	5938	Science Park	Biotechnology,Chemistry and Chemicals,Energy,Environment,ICT & Communications,Manufacturing and Automation Technologies
Spain	Funditec	, Spain	http://www.funditec.es	40.4598227,-3.6928412	1	https://www.iasp.ws/our-members/directory/@6034	6034		Consulting and Advice,Cultural Industry and Humanities,Employee Education and Training,Environment,ICT & Communications
Spain	GEOLIT. Parque Científico y Tecnológico	Mengíbar, Spain	http://www.geolit.es	37,9683303833008,-3,80880689620972	1	https://www.iasp.ws/our-members/directory/@5905	5905	Science Park	Biotechnology,Food Sciences
Spain	IDOM Consulting Engineering Architecture SAU.	Bilbao, Spain	http://www.idom.com	43,278435,-2,9638151	1	https://www.iasp.ws/our-members/directory/@6001	6001	Private Sector Company	
Spain	Información y Desarrollo, S.L. (INFYDE)	Las Arenas - Bizkaia, Spain	http://www.infyde.eu	43,328067779541,-3,01471495628357	1	https://www.iasp.ws/our-members/directory/@5921	5921	Private Sector Company	
Spain	La Salle Technova Barcelona	Barcelona, Spain	http://www.technovabarcelona.org	41,4078903198242,2,13006591796875	1	https://www.iasp.ws/our-members/directory/@6133	6133	Science Park	Audiovisual,Computer Science and Hardwares,ICT & Communications,Services for Business and Industry
Spain	ParcBit - Balearic Innovation Technology Park	Palma de Mallorca (Islas Baleares), Spain	http://www.parcbit.es	39,6226345,2,6609712	1	https://www.iasp.ws/our-members/directory/@5916	5916	Science Park	
Spain	Parque Científico Tecnológico Aula Dei	Zaragoza, Spain	http://www.pctauladei.com/en	41,691478729248,-0,824880003929138	1	https://www.iasp.ws/our-members/directory/@6171	6171	Science Park	
Spain	Parque Científico Tecnológico de Gijón	Cabueñes - Gijón, Spain	https://innovacion.gijon.es/	43,523624420166,-5,61158895492554	1	https://www.iasp.ws/our-members/directory/@5958	5958	Science Park	Computer Science and Hardwares,Electronics,ICT & Communications,Software Engineering
Spain	Parque Científico Tecnológico de Gipuzkoa - Gipuzkoako Zientzia Eta Teknologia Parkea SA.	Donostia, San Sebastian, Spain	http://www.parke.eus	43,2953872680664,-1,98511099815369	1	https://www.iasp.ws/our-members/directory/@6259	6259	Science Park	Electronics,Environment,Health & Pharmaceuticals,ICT & Communications,Materials
Spain	Parque Científico y Tecnológico Cartuja	Sevilla, Spain	http://www.pctcartuja.es	37,4075012207031,-6,0038890838623	1	https://www.iasp.ws/our-members/directory/@6309	6309	Science Park	Electronics,Energy,ICT & Communications,Physics,Software Engineering
Spain	Parque Científico y Tecnologico de Bizkaia	Zamudio, Spain	http://www.parke.eus/bizkaia/?lang=en	43,2874984741211,-2,88136005401611	1	https://www.iasp.ws/our-members/directory/@6006	6006	Science Park	Biotechnology,Electronics,ICT & Communications,Off-Land Transportation,Space Technology
Spain	Parque Científico y Tecnológico de Extremadura	, Spain	http://www.fundecyt-pctex.es/	38,8823432922363,-7,00297021865845	1	https://www.iasp.ws/our-members/directory/@5994	5994	Science Park	
Spain	Parque TecnoCampus Mataró-Maresme	Mataró, Spain	http://www.tecnocampus.cat	41,5287132263184,2,43491101264954	1	https://www.iasp.ws/our-members/directory/@5975	5975	Science Park	ICT & Communications,Other Energy Science and Technology,Other Health and Pharmaceutical Science and Technology,Services for Business and Industry
Spain	Parque Tecnológico de Álava-Arabako Teknologi Parkea, S.A.	Miñano, Spain	http://www.parke.eus/alava/?lang=en	42.91036666666666,-2.664274074074001	1	https://www.iasp.ws/our-members/directory/@6178	6178	Science Park	ICT & Communications,Materials,Services for Business and Industry,Software Engineering,Space Technology
Spain	Parque Tecnológico de Andalucía	Campanillas, Spain	http://www.pta.es	36,7374992370605,-4,54722213745117	1	https://www.iasp.ws/our-members/directory/@6332	6332	Science Park	Computer Science and Hardwares,Electronics,ICT & Communications,Services for Business and Industry,Software Engineering
Spain	Parque Tecnológico de Asturias	Llanera (Asturias), Spain	http://www.ptasturias.es	43,4274253845215,-5,83828783035278	1	https://www.iasp.ws/our-members/directory/@6262	6262	Science Park	Employee Education and Training,Environment,ICT & Communications
Spain	PITA	Almería, Spain	http://pitalmeria.es/	36.87696666666667,-2.333548148148111	1	https://www.iasp.ws/our-members/directory/@469319	469319	Science Park	Agriculture and Forestry
Spain	Polo de Innovación Garaia, S.Coop.	Arrasate, Spain	http://www.ptgaraia.eus/	43,066463470459,-2,48914790153503	1	https://www.iasp.ws/our-members/directory/@5992	5992	Science Park	Environment
Spain	TECNÓPOLE	San Cibrao das Viñas, Spain	https://www.tecnopole.es/	42.3022402,-7.8117977	1	https://www.iasp.ws/our-members/directory/@470803	470803	Science Park	
Spain	UC3M Parque Científico	Leganes, Spain	http://www.uc3m.es	40.3548581,-3.7465127	1	https://www.iasp.ws/our-members/directory/@472983	472983	Science Park	
Spain	Universidad de Málaga	Campanillas, Spain	http://www.uma.es	36,7384351584858,-4,55540478229523	1	https://www.iasp.ws/our-members/directory/@380801	380801	University / Higher Education Institution	
Spain	Universitat de València	Paterna, Spain	http://www.uv.es	39,5020637512207,-0,440598607063293	1	https://www.iasp.ws/our-members/directory/@6019	6019	Science Park	Biotechnology,Chemistry and Chemicals,Computer Science and Hardwares,Environment,ICT & Communications
Spain	Walqa Technology Park	Cuarte (Huesca), Spain	http://www.ptwalqa.com	42,1088256835938,-0,460437029600143	1	https://www.iasp.ws/our-members/directory/@6291	6291	Science Park	ICT & Communications
Spain	Xarxa de Parcs Científics i Tecnològics de Catalunya - XPCAT	Barcelona, Spain	http://www.xpcat.net	41,4079055786133,2,1301851272583	1	https://www.iasp.ws/our-members/directory/@5929	5929	Association	
Sudan	ROADMAP ENGINEERING	Khartoum, Sudan	http://roadmap-group.com/home/	15,6082961553511,32,4694152181284	1	https://www.iasp.ws/our-members/directory/@313301	313301		Advanced Services in Technology Transfer,Cultural Industry and Humanities,Energy,Manufacturing and Automation Technologies,Services for Business and Industry
Sweden	Dalarna Science Park	Borlänge, Sweden	http://www.dalarnasciencepark.se	60.4836048,15.4082685	1	https://www.iasp.ws/our-members/directory/@471907	471907	Science Park	
Sweden	Ideon Science Park	Lund (Skane), Sweden	http://www.ideon.se	55,7146835327148,13,2169818878174	1	https://www.iasp.ws/our-members/directory/@6020	6020	Science Park	Environment,Health & Pharmaceuticals,ICT & Communications,Land Transportation,Materials
Sweden	Johanneberg Science Park	Göteborg, Sweden	http://www.johannebergsciencepark.com	57,6847496032715,11,9779672622681	1	https://www.iasp.ws/our-members/directory/@6176	6176	Science Park	Civil Engineering,Energy,Environment,Materials,Micromachines and Nanotechnology
Sweden	Landvetter Södra	Mölnlycke, Sweden	http://www.landvettersodra.se	57.6589654,12.1132922	1	https://www.iasp.ws/our-members/directory/@470854	470854	Area of Innovation	
Sweden	Lindholmen Science Park AB	Göteborg, Sweden	http://www.lindholmen.se/en	57,7074851989746,11,9395418167114	1	https://www.iasp.ws/our-members/directory/@6235	6235	Science Park	Civil Engineering,Computer Science and Hardwares,Cultural Industry and Humanities,Employee Education and Training,Environment,ICT & Communications,Land Transportation,Services for Business and Industry,Software Engineering
Sweden	Luleå Science Park	Luleå, Sweden	http://www.luleasciencepark.se/	65,617561340332,22,1280097961426	1	https://www.iasp.ws/our-members/directory/@5957	5957	Science Park	ICT & Communications
Sweden	Medeon Science Park	Malmö, Sweden	http://www.medeon.se	55,5820541381836,13,0029382705688	1	https://www.iasp.ws/our-members/directory/@6236	6236	Science Park	Biotechnology,Chemistry and Chemicals,Food Sciences,Health & Pharmaceuticals
Sweden	Munktell Science Park	Eskilstuna, Sweden	http://www.munktellsciencepark.se	59,37619,16,51199	1	https://www.iasp.ws/our-members/directory/@5962	5962	Science Park	Civil Engineering,Employee Education and Training,Energy,Environment,Manufacturing and Automation Technologies
Sweden	Sahlgrenska Science Park	Hisings Backa, Sweden	https://www.sahlgrenskasciencepark.com/	57,6843414306641,11,9586820602417	1	https://www.iasp.ws/our-members/directory/@25810	25810	Science Park	Health & Pharmaceuticals
Sweden	Sandbacka Science Park	Sandviken, Sweden	http://sandbackapark.se/	60.629196296296286,16.783014814814806	1	https://www.iasp.ws/our-members/directory/@470697	470697	Science Park	Transportation logistics
Sweden	Sankt Kors Fastighets AB	Linköping, Sweden	http://www.sanktkors.se	58,404144,15,602403	1	https://www.iasp.ws/our-members/directory/@298001	298001	Government, Local	
Sweden	Science Park Mjärdevi 	Linköping, Sweden	http://www.mjardevi.se	58,3942337036133,15,5594816207886	1	https://www.iasp.ws/our-members/directory/@6005	6005	Science Park	Civil Engineering,Computer Science and Hardwares,Health & Pharmaceuticals,ICT & Communications,Software Engineering
Sweden	Science Park Skövde	Skövde, Sweden	https://scienceparkskovde.se/en/	58,3941321894943,13,8594245910645	1	https://www.iasp.ws/our-members/directory/@456201	456201	Science Park	Advanced Services in Technology Transfer,ICT & Communications,Manufacturing and Automation Technologies,Software Engineering,Virtual Reality
Sweden	Sten Gunnar Johansson	Linköping, Sweden		58.40793703703707,15.621888888888861	1	https://www.iasp.ws/our-members/directory/@300901	300901	Private Sector Company	
Sweden	Swedish Incubators & Science Parks	Stockholm, Sweden	http://www.SiSP.se	59,3330039978027,18,0629749298096	1	https://www.iasp.ws/our-members/directory/@9626	9626	Association	
Sweden	Umeå Science Park and Uminova Innovation	Umeå, Sweden	https://www.uminovainnovation.se/en/start/	63.81755925925927,20.313325925925938	1	https://www.iasp.ws/our-members/directory/@5989	5989	Science Park	Cultural Industry and Humanities,Health & Pharmaceuticals,ICT & Communications,Renewable Energies,Services for Business and Industry
Sweden	Västerås Science Park AB	Västerås, Sweden	http://www.vasterassciencepark.se	59,6109313964844,16,5497856140137	1	https://www.iasp.ws/our-members/directory/@6030	6030	Science Park	Computer Science and Hardwares,Energy,Environment,Manufacturing and Automation Technologies
Switzerland	SwissParks.ch (Club of Swiss Technology and Business Incubators)	Bern 22, Switzerland	http://www.swissparks.ch	46,9648170471191,7,45603704452515	1	https://www.iasp.ws/our-members/directory/@5935	5935	Association	Environment,ICT & Communications
Switzerland	TECHNOPARK®-Allianz	Zurich, Switzerland	http://www.technopark-allianz.ch	47,38985,8,51652	1	https://www.iasp.ws/our-members/directory/@6010	6010	Science Park	Health & Pharmaceuticals
Thailand	Prince of Songkla University	Hatyai (Songkla), Thailand	http://www.psu.ac.th/th/	7,0179605,100,4957459	1	https://www.iasp.ws/our-members/directory/@6029	6029	University / Higher Education Institution	
Thailand	Thailand Science Park	Pathumthani, Thailand	http://www.sciencepark.or.th/index.php/en/	14,0772180557251,100,601585388184	1	https://www.iasp.ws/our-members/directory/@5902	5902	Science Park	Biotechnology,Electronics,Materials,Micromachines and Nanotechnology
Turkey	Ankara University Technology Development Area	Ankara, Turkey	https://www.ankarateknokent.com/	37,7185903255881,33,75	1	https://www.iasp.ws/our-members/directory/@126201	126201	Science Park	Agriculture and Forestry,Biotechnology,Electronics,Health & Pharmaceuticals,Military and Defense
Turkey	Ari Teknokent - Istanbul Technical University´s Technopark	Maslak, Turkey	http://www.ariteknokent.com.tr	41.1076461,29.028958	1	https://www.iasp.ws/our-members/directory/@6311	6311	Science Park	Computer Science and Hardwares,Electrical Power Science and Technology,Energy,Environment,ICT & Communications,Materials
Turkey	Association of Turkish Technology Parks	ODTU, Turkey	http://www.tgbd.org.tr	39,8867378234863,32,7778587341309	1	https://www.iasp.ws/our-members/directory/@6151	6151	Association	
Turkey	BILKENT CYBERPARK	Ankara, Turkey	http://www.cyberpark.com.tr	39,869995,32,745231	1	https://www.iasp.ws/our-members/directory/@6004	6004	Science Park	Computer Science and Hardwares,ICT & Communications,Software Engineering
Turkey	BUN Teknopark	Istanbul, Turkey	http://www.teknopark.boun.edu.tr	41.086299999999994,29.043681481481485	1	https://www.iasp.ws/our-members/directory/@469542	469542		
Turkey	Çanakkale Teknopark	Saricaeli, Turkey	http://www.canakkaleteknopark.com/	40,1262016296387,26,436315536499	1	https://www.iasp.ws/our-members/directory/@462801	462801	Science Park	Advanced Services in Technology Transfer,Energy,Military and Defense,Software Engineering,Space Technology
Turkey	DEPARK	Izmir, Turkey	http://www.depark.com	38,4308321524622,27,1368098258972	1	https://www.iasp.ws/our-members/directory/@208001	208001	Science Park	Biotechnology,Computer Science and Hardwares,Energy,ICT & Communications,Software Engineering
Turkey	EGE TEKNOPARK	Izmir, Turkey	http://www.teknoparkege.com	38,456861692831,27,2346031665802	1	https://www.iasp.ws/our-members/directory/@466901	466901	Science Park	Biotechnology,Energy,Health & Pharmaceuticals,Mechanics, Subassemblies, Components
Turkey	Gazi Teknopark	Ankara, Turkey	http://www.gaziteknopark.com.tr	39,782413,32,808748	1	https://www.iasp.ws/our-members/directory/@6036	6036	Science Park	Electronics,Energy,ICT & Communications,Micromachines and Nanotechnology,Services for Business and Industry,Software Engineering
Turkey	GOSB Teknopark A.S.	Gebze, Turkey	http://www.gosbteknopark.com	40,8479957580566,29,4265003204346	1	https://www.iasp.ws/our-members/directory/@5944	5944	Science Park	Computer Science and Hardwares,Electronics,ICT & Communications
Turkey	Hacettepe Universitesi Teknoloji Gelistirme Bolgesi Yonetici A.S.	Çankaya Ankara, Turkey	http://www.hacettepeteknokent.com.tr	39,8807792663574,32,7410774230957	1	https://www.iasp.ws/our-members/directory/@6144	6144	Science Park	Electronics,ICT & Communications,Micromachines and Nanotechnology
Turkey	Istanbul Teknokent Entertech	Istanbul, Turkey	http://entertech.com.tr/	41.019113,28.770786000000044	1	https://www.iasp.ws/our-members/directory/@363801	363801	Science Park	Biotechnology,Chemistry and Chemicals,Electronics,Health & Pharmaceuticals,Software Engineering
Turkey	Mersin Technopark	Mersin, Turkey	http://www.technoscope.com.tr	36,7838172912598,34,5281143188477	1	https://www.iasp.ws/our-members/directory/@6329	6329	Science Park	Food Sciences,Health & Pharmaceuticals,ICT & Communications,Software Engineering
Turkey	ODTÜ Teknokent Yonetim A.S.	Ankara (N/A), Turkey	http://www.odtuteknokent.com.tr	39,8988952636719,32,7749290466309	1	https://www.iasp.ws/our-members/directory/@6157	6157	Science Park	Computer Science and Hardwares,Health & Pharmaceuticals,ICT & Communications,Military and Defense,Software Engineering
Turkey	Teknopark Ankara	Ostim, Turkey	http://www.teknoparkankara.com.tr	39,9912528991699,32,7436866760254	1	https://www.iasp.ws/our-members/directory/@363101	363101	Science Park	Electronics,Health & Pharmaceuticals,Mechanics, Subassemblies, Components,Micromachines and Nanotechnology,Military and Defense
Turkey	Teknopark Istanbul	, Turkey	http://www.teknoparkistanbul.com.tr	40,8990707397461,29,2901859283447	1	https://www.iasp.ws/our-members/directory/@6205	6205	Science Park	Atmospheric and Earth Sciences,Biotechnology,Energy
Turkey	Yildiz Teknoloji Gelistirme Bölgesi Teknopark A.S.	Esenler, Turkey	http://www.yildizteknopark.com.tr/	41,0203285217285,28,8909320831299	1	https://www.iasp.ws/our-members/directory/@312801	312801	Science Park	Advanced Services in Technology Transfer,Electronics,Health & Pharmaceuticals,ICT & Communications,Software Engineering
Ukraine	Science Park Synergy	Kharkіv, Ukraine	https://synergy-park.com/	50.014988,36.2258663	1	https://www.iasp.ws/our-members/directory/@470891	470891	Science Park	Computer Science and Hardwares
United Arab Emirates	CERT Technology Park	Abu Dhabi, United Arab Emirates	http://www.cert.ae/	24,4548,54,3967	1	https://www.iasp.ws/our-members/directory/@5932	5932	Science Park	Human Resources,ICT & Communications
United Arab Emirates	Dubai Silicon Oasis Authority	Dubai, United Arab Emirates	https://www.dsoa.ae	25,1247084021749,55,3809750080109	1	https://www.iasp.ws/our-members/directory/@414601	414601	Science Park	Cloud Computing,Computer Design,Micro- and nanoelectronics,Renewable Energies,Software and System Development
United Arab Emirates	RTI Park	University City, United Arab Emirates	http://www.ause.ae	25,33737,55,41206	1	https://www.iasp.ws/our-members/directory/@383001	383001	Science Park	
United Arab Emirates	United Arab Emirates University Science and Innovation Park	Al Ain, United Arab Emirates	http://www.uaeu.ac.ae/en/sip/	24,1946773529053,55,7666015625	1	https://www.iasp.ws/our-members/directory/@334801	334801	Science Park	Energy,ICT & Communications,Land Transportation,Pure research,Space Technology
United Kingdom	Coventry University Enterprises Ltd.	Coventry, United Kingdom	http://www.coventry.ac.uk/business/facilities/technology-park/	52,4020042419434,-1,5044219493866	1	https://www.iasp.ws/our-members/directory/@5933	5933	Science Park	Consulting and Advice
United Kingdom	Creative Places	Cambridge, United Kingdom	http://www.creativeplaces.com	52.20400370370372,0.11772592592592446	1	https://www.iasp.ws/our-members/directory/@470693	470693	Private Sector Company	
United Kingdom	Ian Dalton	, United Kingdom		0,0	1	https://www.iasp.ws/our-members/directory/@15909	15909	Other	
United Kingdom	Jane Davies	Macclesfield, United Kingdom		53,2737426757813,-2,08388876914978	1	https://www.iasp.ws/our-members/directory/@14883	14883	Person	
United Kingdom	Manchester Science Partnerships	Manchester, United Kingdom	http://www.manchestersciencepark.co.uk	53,4630317687988,-2,23583197593689	1	https://www.iasp.ws/our-members/directory/@5983	5983	Science Park	Computer Science and Hardwares,Electronics,Manufacturing and Automation Technologies
United Kingdom	Menai Science Park	Bangor, United Kingdom	http://www.m-sparc.com/	53.228410398266,-4.1309555670261	1	https://www.iasp.ws/our-members/directory/@323101	323101	Science Park	
United Kingdom	NETPark	Co-Durham, United Kingdom	http://www.northeasttechnologypark.com	54,670339,-1,451835	1	https://www.iasp.ws/our-members/directory/@5995	5995	Science Park	Chemistry and Chemicals,Electronics,Health & Pharmaceuticals,Materials,Services for Business and Industry
United Kingdom	The Surrey Research Park	Guildford, United Kingdom	http://www.surrey-research-park.com	51.240307407407414,-0.6125703703703493	1	https://www.iasp.ws/our-members/directory/@5917	5917	Science Park	Health & Pharmaceuticals,ICT & Communications
United Kingdom	The United Kingdom Science Park Association	Saffron Walden, United Kingdom	http://www.ukspa.org.uk	52,0281829833984,0,262037009000778	1	https://www.iasp.ws/our-members/directory/@5934	5934	Association	
United Kingdom	University of Warwick Science Park, Ltd	Coventry, United Kingdom	http://www.warwicksciencepark.co.uk	52,3878021240234,-1,55796194076538	1	https://www.iasp.ws/our-members/directory/@6296	6296	Science Park	ICT & Communications,Manufacturing and Automation Technologies,Materials,Services for Business and Industry,Software Engineering
United Kingdom	Warwick Enterprise Limited	Coventry, United Kingdom	http://www.warwickenterprise.co.uk/	52,3882,-1,54806	1	https://www.iasp.ws/our-members/directory/@6213	6213	Private Sector Company	Consulting and Advice
United States	Ann Arbor SPARK	Ann Arbor, United States	http://www.annarborusa.org	42,2775611877441,-83,7408828735352	1	https://www.iasp.ws/our-members/directory/@93101	93101	Area of Innovation	Advanced Services in Technology Transfer,ICT & Communications,Manufacturing and Automation Technologies,Military and Defense,Software Engineering
United States	Barbara Harley	, United States		34.43688518518518,-119.72077777777776	1	https://www.iasp.ws/our-members/directory/@204001	204001	Person	
United States	BioSquare at Boston University Medical Center	Boston, United States	http://www.biosquare.org	42,357231,-71,066119	1	https://www.iasp.ws/our-members/directory/@5925	5925	Science Park	Biotechnology
United States	Rick Weddle	Alexandria, United States		38.8299111,-77.139947	1	https://www.iasp.ws/our-members/directory/@471905	471905	Person	
United States	Tech Parks Arizona	Tucson, United States	http://techparks.arizona.edu	32.0897077,-110.8113856	1	https://www.iasp.ws/our-members/directory/@470844	470844	Science Park	
United States	Telecom Corridor of Richardson - RCC	Richardson, United States	http://www.telecomcorridor.com	32,9602890014648,-96,7319107055664	1	https://www.iasp.ws/our-members/directory/@92901	92901	Area of Innovation	ICT & Communications,Micromachines and Nanotechnology
United States	The University of North Carolina at Charlotte, Charlotte Research Institute	Charlotte, United States	https://cri.uncc.edu/	35,3315887451172,-80,7362213134766	1	https://www.iasp.ws/our-members/directory/@5990	5990	University / Higher Education Institution	Biotechnology,Computer Science and Hardwares,Energy,Manufacturing and Automation Technologies,Optics
United States	WTC Dulles Airport	Ashburn, United States	https://www.wtca.org/world-trade-center-dulles-airport	39.058114814814815,-77.44608148148149	1	https://www.iasp.ws/our-members/directory/@6335	6335		
Uruguay	Parque Científico Tecnológico de Pando	Pando, Uruguay	http://www.pctp.org.uy	-34,716667175293,-55,9583320617676	1	https://www.iasp.ws/our-members/directory/@6323	6323	Science Park	Biotechnology,Chemistry and Chemicals,Environment,Food Sciences,Health & Pharmaceuticals,Micromachines and Nanotechnology
Venezuela	Parque Tecnológico Sartenejas - PTS	Baruta, Caracas, Venezuela	http://www.pts.org.ve	10.378759259259247,-66.85215555555556	1	https://www.iasp.ws/our-members/directory/@6008	6008	Science Park	Biotechnology,Civil Engineering,Computer Science and Hardwares,Electronics,Environment,ICT & Communications,Materials,Software Engineering
Vietnam	Hoa Lac Hi-Tech Park Management Board	Ha noi, Vietnam	http://www.hhtp.gov.vn	21,0520038604736,105,749618530273	1	https://www.iasp.ws/our-members/directory/@6295	6295	Science Park	Biotechnology,Computer Science and Hardwares,Electronics,Manufacturing and Automation Technologies,Micromachines and Nanotechnology,Software Engineering
